movie_id,similarity_score,strength
181,0.8844757466059622,480
174,0.7648851255036874,380
172,0.7498192415368886,345
1,0.7345720560109743,381
