company,sentiment
HDFC,0.36450480175318184
Tata Motors,0.37707855654612665
