company,sentiment
HDFC,0.49495348221849456
Tata Motors,0.7330130255033799
